Time,Country Name,GDP
2020,Bangladesh,3.73902E+11
2020,China,1.46877E+13
2020,Japan,5.04011E+12
2020,United States,2.10605E+13
2020,United Kingdom,2.70461E+12
