Time,Country Name,GDP
1980,Bangladesh,18138049096
1980,China,1.91149E+11
1980,Japan,1.10539E+12
1980,United States,2.85731E+12
1980,United Kingdom,5.64948E+11
